n_estimators,learning_rate,max_depth,min_child_weight,val_auc,best_threshold,fn,fp,fp_fn_ratio,total_errors,balance_score,auc_rank,error_rank,balance_rank,composite_score
500,0.1,3,7,0.9717540811165098,0.28000000000000014,88,404,4.590909090909091,492,624.0,1.0,4.0,5.0,3.1
400,0.1,3,7,0.9716816594139889,0.29000000000000015,93,395,4.247311827956989,488,627.5,2.0,1.0,9.0,3.8
500,0.07,3,5,0.9714448339805215,0.28000000000000014,82,418,5.097560975609756,500,623.0,5.0,17.5,4.0,8.45
400,0.07,4,5,0.971387122936325,0.28000000000000014,90,403,4.477777777777778,493,628.0,8.0,8.0,10.0,8.6
500,0.07,4,5,0.9713989237941019,0.28000000000000014,92,401,4.358695652173913,493,631.0,7.0,8.0,14.0,9.4
500,0.1,3,3,0.9714230104764136,0.2600000000000001,75,430,5.733333333333333,505,617.5,6.0,24.5,1.0,10.05
300,0.1,3,7,0.9715815946062644,0.30000000000000016,94,400,4.25531914893617,494,635.0,3.0,10.0,30.0,13.2
500,0.1,3,5,0.971354953474714,0.27000000000000013,86,418,4.8604651162790695,504,633.0,11.0,21.5,22.0,17.450000000000003
400,0.1,3,1,0.9712519788664419,0.28000000000000014,91,407,4.472527472527473,498,634.5,18.0,14.0,28.0,19.8
400,0.07,3,5,0.9712261139726844,0.30000000000000016,90,409,4.544444444444444,499,634.0,21.0,15.5,25.0,20.55
500,0.07,3,1,0.9712371065525315,0.28000000000000014,84,422,5.023809523809524,506,632.0,20.0,28.0,18.0,21.799999999999997
500,0.05,3,5,0.9708913252541105,0.30000000000000016,87,405,4.655172413793103,492,622.5,52.0,4.0,3.0,22.9
400,0.1,3,5,0.9713416977166633,0.2600000000000001,80,432,5.4,512,632.0,13.0,49.0,18.0,25.299999999999997
400,0.1,3,3,0.9713864763139811,0.2500000000000001,68,451,6.632352941176471,519,621.0,9.0,75.5,2.0,26.85
500,0.07,3,7,0.9715521732896151,0.2600000000000001,74,445,6.013513513513513,519,630.0,4.0,75.5,12.0,27.85
500,0.07,3,3,0.9713523669853383,0.2600000000000001,77,439,5.701298701298701,516,631.5,12.0,61.5,16.0,28.05
400,0.07,4,7,0.9711709894178637,0.28000000000000014,93,406,4.365591397849462,499,638.5,25.0,15.5,48.0,29.049999999999997
500,0.1,3,1,0.9712456742985887,0.2600000000000001,81,431,5.320987654320987,512,633.5,19.0,49.0,23.0,29.2
300,0.1,3,5,0.9710604169970503,0.27000000000000013,76,436,5.7368421052631575,512,626.0,32.0,49.0,8.0,29.9
400,0.07,3,7,0.971157248693055,0.28000000000000014,81,430,5.308641975308642,511,632.5,27.0,45.0,20.5,30.45
500,0.05,3,1,0.9710261460128216,0.28000000000000014,75,438,5.84,513,625.5,36.0,53.5,7.0,32.550000000000004
300,0.07,4,5,0.9711488426025839,0.28000000000000014,84,426,5.071428571428571,510,636.0,28.0,41.5,33.5,33.699999999999996
400,0.05,4,5,0.9709942998623826,0.29000000000000015,90,412,4.5777777777777775,502,637.0,39.0,19.0,41.5,33.75
500,0.07,4,3,0.9712833400501231,0.27000000000000013,89,418,4.696629213483146,507,640.5,15.0,31.5,63.0,34.349999999999994
500,0.05,3,7,0.9709786192705421,0.28000000000000014,74,440,5.945945945945946,514,625.0,40.0,57.0,6.0,34.89999999999999
400,0.07,4,3,0.9712686293917984,0.27000000000000013,89,418,4.696629213483146,507,640.5,17.0,31.5,63.0,35.15
500,0.05,3,3,0.9709622920563576,0.28000000000000014,77,436,5.662337662337662,513,628.5,45.0,53.5,11.0,37.349999999999994
500,0.05,4,1,0.9711178047300748,0.2600000000000001,77,440,5.714285714285714,517,632.5,30.0,65.5,20.5,37.8
300,0.07,4,7,0.9709676266906951,0.28000000000000014,85,424,4.988235294117647,509,636.5,41.0,38.0,37.5,39.050000000000004
400,0.07,3,1,0.9711221694308965,0.28000000000000014,83,430,5.180722891566265,513,637.5,29.0,53.5,43.0,40.550000000000004
300,0.07,5,3,0.9709210698819315,0.2600000000000001,78,436,5.589743589743589,514,631.0,49.0,57.0,14.0,40.900000000000006
400,0.07,4,1,0.971281723494263,0.2500000000000001,75,447,5.96,522,634.5,16.0,90.0,28.0,41.8
500,0.07,5,3,0.9710235595234458,0.2500000000000001,79,438,5.544303797468355,517,635.5,37.5,65.5,31.5,44.099999999999994
400,0.07,5,3,0.9710235595234458,0.2500000000000001,79,438,5.544303797468355,517,635.5,37.5,65.5,31.5,44.099999999999994
400,0.07,5,1,0.970831997654054,0.28000000000000014,89,416,4.674157303370786,505,638.5,62.0,24.5,48.0,46.55
500,0.07,5,1,0.970831997654054,0.28000000000000014,89,416,4.674157303370786,505,638.5,62.0,24.5,48.0,46.55
300,0.07,5,1,0.970831997654054,0.28000000000000014,89,416,4.674157303370786,505,638.5,62.0,24.5,48.0,46.55
500,0.05,4,5,0.9713738671782743,0.2600000000000001,78,444,5.6923076923076925,522,639.0,10.0,90.0,55.0,47.5
400,0.05,4,3,0.9707736399875138,0.30000000000000016,98,395,4.030612244897959,493,640.0,68.0,8.0,60.0,47.6
500,0.05,4,7,0.9711010733769253,0.2600000000000001,77,444,5.766233766233766,521,636.5,31.0,85.0,37.5,49.15
500,0.07,4,1,0.9712906145514922,0.24000000000000007,70,459,6.557142857142857,529,634.0,14.0,127.0,25.0,51.2
500,0.07,4,7,0.9711865083541181,0.2500000000000001,79,442,5.594936708860759,521,639.5,22.0,85.0,58.5,51.849999999999994
400,0.05,5,5,0.9707138274206994,0.2600000000000001,80,432,5.4,512,632.0,80.0,49.0,18.0,52.1
500,0.05,5,5,0.9707343576801195,0.2600000000000001,82,429,5.2317073170731705,511,634.0,78.0,45.0,25.0,52.2
400,0.05,5,1,0.9709230097489634,0.2600000000000001,81,436,5.382716049382716,517,638.5,48.0,65.5,48.0,53.25
300,0.1,3,3,0.9711608859437396,0.2500000000000001,66,466,7.0606060606060606,532,631.0,26.0,141.0,14.0,56.9
400,0.05,4,1,0.9708997313445817,0.28000000000000014,83,433,5.216867469879518,516,640.5,51.0,61.5,63.0,57.75
300,0.1,4,7,0.97085511440285,0.2500000000000001,77,444,5.766233766233766,521,636.5,55.0,85.0,37.5,58.75
500,0.1,4,7,0.97085511440285,0.2500000000000001,77,444,5.766233766233766,521,636.5,55.0,85.0,37.5,58.75
400,0.05,4,7,0.9708088809052583,0.29000000000000015,91,416,4.571428571428571,507,643.5,64.0,31.5,79.0,58.75
400,0.1,4,7,0.97085511440285,0.2500000000000001,77,444,5.766233766233766,521,636.5,55.0,85.0,37.5,58.75
400,0.07,3,3,0.9711823053088826,0.2600000000000001,72,457,6.347222222222222,529,637.0,23.0,127.0,41.5,59.75
500,0.05,4,3,0.9711756774298572,0.2600000000000001,78,446,5.717948717948718,524,641.0,24.0,101.5,66.5,60.0
400,0.05,5,3,0.9707581210512591,0.2600000000000001,78,441,5.653846153846154,519,636.0,72.0,75.5,33.5,61.5
500,0.1,4,3,0.9710555673294707,0.31000000000000016,110,382,3.4727272727272727,492,657.0,34.0,4.0,162.0,63.400000000000006
400,0.1,4,3,0.9710555673294707,0.31000000000000016,110,382,3.4727272727272727,492,657.0,34.0,4.0,162.0,63.400000000000006
300,0.1,4,3,0.9710555673294707,0.31000000000000016,110,382,3.4727272727272727,492,657.0,34.0,4.0,162.0,63.400000000000006
300,0.07,3,5,0.9707277298010943,0.29000000000000015,79,439,5.556962025316456,518,636.5,79.0,70.0,37.5,63.85
300,0.07,3,7,0.9705284084635752,0.31000000000000016,90,414,4.6,504,639.0,106.0,21.5,55.0,65.35000000000001
500,0.05,6,7,0.9707922303799019,0.27000000000000013,92,416,4.521739130434782,508,646.0,66.5,35.0,100.5,67.25
400,0.05,6,7,0.9707922303799019,0.27000000000000013,92,416,4.521739130434782,508,646.0,66.5,35.0,100.5,67.25
300,0.07,4,1,0.970908137435053,0.29000000000000015,94,415,4.414893617021277,509,650.0,50.0,38.0,120.0,67.4
300,0.07,3,1,0.9706415673737644,0.31000000000000016,92,414,4.5,506,644.0,88.0,28.0,81.5,68.05
300,0.1,4,5,0.9706244318816499,0.29000000000000015,99,398,4.02020202020202,497,645.5,90.0,12.0,95.5,68.25
500,0.1,4,5,0.9706244318816499,0.29000000000000015,99,398,4.02020202020202,497,645.5,90.0,12.0,95.5,68.25
400,0.1,4,5,0.9706244318816499,0.29000000000000015,99,398,4.02020202020202,497,645.5,90.0,12.0,95.5,68.25
300,0.1,3,1,0.9708594791036717,0.2600000000000001,75,453,6.04,528,640.5,53.0,122.0,63.0,76.7
500,0.05,5,7,0.9706727669018594,0.2600000000000001,82,437,5.329268292682927,519,642.0,85.5,75.5,74.0,79.05
400,0.05,5,7,0.9706727669018594,0.2600000000000001,82,437,5.329268292682927,519,642.0,85.5,75.5,74.0,79.05
500,0.05,5,1,0.9709391753075619,0.24000000000000007,70,464,6.628571428571429,534,639.0,47.0,146.5,55.0,79.25
200,0.1,4,5,0.9704609980842196,0.28000000000000014,85,427,5.023529411764706,512,639.5,120.0,49.0,58.5,80.25
300,0.1,5,5,0.9705793299731604,0.2500000000000001,77,446,5.792207792207792,523,638.5,95.5,96.5,48.0,81.55000000000001
500,0.1,5,5,0.9705793299731604,0.2500000000000001,77,446,5.792207792207792,523,638.5,95.5,96.5,48.0,81.55000000000001
200,0.1,5,5,0.9705793299731604,0.2500000000000001,77,446,5.792207792207792,523,638.5,95.5,96.5,48.0,81.55000000000001
400,0.1,5,5,0.9705793299731604,0.2500000000000001,77,446,5.792207792207792,523,638.5,95.5,96.5,48.0,81.55000000000001
300,0.07,3,3,0.9704619680177355,0.31000000000000016,91,417,4.582417582417582,508,644.5,119.0,35.0,86.0,83.9
400,0.05,3,1,0.9702632124747677,0.30000000000000016,83,427,5.144578313253012,510,634.5,158.0,41.5,28.0,84.05000000000001
400,0.07,5,5,0.9709655251680774,0.2600000000000001,83,442,5.325301204819277,525,649.5,43.0,108.0,117.5,84.85
500,0.07,5,5,0.9709655251680774,0.2600000000000001,83,442,5.325301204819277,525,649.5,43.0,108.0,117.5,84.85
300,0.07,5,5,0.9709655251680774,0.2600000000000001,83,442,5.325301204819277,525,649.5,43.0,108.0,117.5,84.85
300,0.07,4,3,0.9709559874885043,0.27000000000000013,81,445,5.493827160493828,526,647.5,46.0,114.5,108.0,85.15
500,0.03,5,5,0.9705539500461609,0.28000000000000014,87,428,4.919540229885057,515,645.5,99.0,59.5,95.5,86.1
400,0.1,5,1,0.9707476134381702,0.2600000000000001,80,445,5.5625,525,645.0,75.5,108.0,90.5,89.75
500,0.1,5,1,0.9707476134381702,0.2600000000000001,80,445,5.5625,525,645.0,75.5,108.0,90.5,89.75
200,0.1,5,1,0.9707476134381702,0.2600000000000001,80,445,5.5625,525,645.0,75.5,108.0,90.5,89.75
300,0.1,5,1,0.9707476134381702,0.2600000000000001,80,445,5.5625,525,645.0,75.5,108.0,90.5,89.75
300,0.05,5,5,0.9704348098792901,0.29000000000000015,91,418,4.593406593406593,509,645.5,127.0,38.0,95.5,90.85
500,0.03,5,3,0.9705672866320045,0.28000000000000014,87,430,4.942528735632184,517,647.5,98.0,65.5,108.0,91.25
300,0.1,4,1,0.970760222573877,0.27000000000000013,89,430,4.831460674157303,519,652.5,70.0,75.5,137.0,91.75
500,0.1,4,1,0.970760222573877,0.27000000000000013,89,430,4.831460674157303,519,652.5,70.0,75.5,137.0,91.75
400,0.1,4,1,0.970760222573877,0.27000000000000013,89,430,4.831460674157303,519,652.5,70.0,75.5,137.0,91.75
400,0.05,3,3,0.9702393682758349,0.31000000000000016,90,416,4.622222222222222,506,641.0,162.0,28.0,66.5,93.15
500,0.05,5,3,0.9708030613041628,0.2500000000000001,77,453,5.883116883116883,530,645.5,65.0,133.5,95.5,94.69999999999999
500,0.03,5,7,0.9705342280646707,0.28000000000000014,88,429,4.875,517,649.0,104.0,65.5,114.5,95.6
500,0.05,6,1,0.9705469988559633,0.2600000000000001,85,435,5.117647058823529,520,647.5,101.0,81.0,108.0,97.1
300,0.05,6,1,0.9705469988559633,0.2600000000000001,85,435,5.117647058823529,520,647.5,101.0,81.0,108.0,97.1
400,0.05,6,1,0.9705469988559633,0.2600000000000001,85,435,5.117647058823529,520,647.5,101.0,81.0,108.0,97.1
500,0.1,5,7,0.9708383022219075,0.24000000000000007,64,482,7.53125,546,642.0,58.5,180.5,74.0,99.75
300,0.1,5,7,0.9708383022219075,0.24000000000000007,64,482,7.53125,546,642.0,58.5,180.5,74.0,99.75
200,0.1,5,7,0.9708383022219075,0.24000000000000007,64,482,7.53125,546,642.0,58.5,180.5,74.0,99.75
400,0.1,5,7,0.9708383022219075,0.24000000000000007,64,482,7.53125,546,642.0,58.5,180.5,74.0,99.75
300,0.05,4,7,0.9703601249985653,0.3200000000000002,99,404,4.08080808080808,503,651.5,138.0,20.0,129.5,100.05000000000001
500,0.03,4,5,0.9702519774115415,0.31000000000000016,93,414,4.451612903225806,507,646.5,161.0,31.5,103.5,104.9
200,0.07,4,5,0.9703371699053556,0.31000000000000016,92,418,4.543478260869565,510,648.0,148.0,41.5,112.0,105.25
200,0.1,4,1,0.9706022850663703,0.27000000000000013,82,444,5.414634146341464,526,649.0,92.0,114.5,114.5,105.5
500,0.03,4,1,0.9703376548721134,0.30000000000000016,88,426,4.840909090909091,514,646.0,147.0,57.0,100.5,106.05000000000001
300,0.05,5,1,0.9706790714697128,0.2600000000000001,77,454,5.896103896103896,531,646.5,84.0,138.5,103.5,106.2
200,0.1,3,7,0.9704608364286338,0.29000000000000015,76,452,5.947368421052632,528,642.0,121.0,122.0,74.0,107.2
400,0.05,3,5,0.9701934580894152,0.29000000000000015,78,444,5.6923076923076925,522,639.0,170.0,90.0,55.0,111.5
300,0.07,6,5,0.9704807200657098,0.23000000000000007,71,464,6.535211267605634,535,641.5,115.0,152.5,69.0,112.45
500,0.07,6,5,0.9704807200657098,0.23000000000000007,71,464,6.535211267605634,535,641.5,115.0,152.5,69.0,112.45
400,0.07,6,5,0.9704807200657098,0.23000000000000007,71,464,6.535211267605634,535,641.5,115.0,152.5,69.0,112.45
500,0.03,6,5,0.9704941374793467,0.2600000000000001,83,442,5.325301204819277,525,649.5,113.0,108.0,117.5,112.85
500,0.03,6,1,0.9702755791270954,0.2500000000000001,77,448,5.818181818181818,525,640.5,156.0,108.0,63.0,113.70000000000002
200,0.1,4,7,0.9705087673098781,0.27000000000000013,80,448,5.6,528,648.0,112.0,122.0,112.0,115.0
500,0.03,6,7,0.9705948489094149,0.2500000000000001,80,451,5.6375,531,651.0,93.0,138.5,123.0,115.65
500,0.05,6,3,0.9705284084635752,0.2600000000000001,88,435,4.943181818181818,523,655.0,106.0,96.5,151.5,116.80000000000001
400,0.05,6,3,0.9705284084635752,0.2600000000000001,88,435,4.943181818181818,523,655.0,106.0,96.5,151.5,116.80000000000001
200,0.1,3,5,0.9701390609847315,0.31000000000000016,93,418,4.494623655913978,511,650.5,172.0,45.0,121.0,118.6
200,0.07,6,5,0.9704673026520729,0.23000000000000007,68,473,6.955882352941177,541,643.0,117.0,169.0,78.0,120.9
400,0.05,3,7,0.9702691129036559,0.28000000000000014,70,464,6.628571428571429,534,639.0,157.0,146.5,55.0,123.25
200,0.1,4,3,0.9707508465498899,0.2600000000000001,78,460,5.897435897435898,538,655.0,73.0,163.5,151.5,123.69999999999999
400,0.1,6,5,0.9703281171925404,0.2500000000000001,77,452,5.87012987012987,529,644.5,150.5,127.0,86.0,124.10000000000001
500,0.1,6,5,0.9703281171925404,0.2500000000000001,77,452,5.87012987012987,529,644.5,150.5,127.0,86.0,124.10000000000001
300,0.1,6,5,0.9703281171925404,0.2500000000000001,77,452,5.87012987012987,529,644.5,150.5,127.0,86.0,124.10000000000001
200,0.1,6,5,0.9703281171925404,0.2500000000000001,77,452,5.87012987012987,529,644.5,150.5,127.0,86.0,124.10000000000001
300,0.05,4,1,0.9704231706770994,0.29000000000000015,84,443,5.273809523809524,527,653.0,130.0,118.0,140.5,129.55
300,0.07,6,3,0.9703405646726613,0.23000000000000007,70,469,6.7,539,644.0,145.0,166.0,81.5,132.25
400,0.07,6,3,0.9703405646726613,0.23000000000000007,70,469,6.7,539,644.0,145.0,166.0,81.5,132.25
500,0.07,6,3,0.9703405646726613,0.23000000000000007,70,469,6.7,539,644.0,145.0,166.0,81.5,132.25
300,0.05,6,7,0.9706719586239295,0.23000000000000007,70,478,6.828571428571428,548,653.0,87.0,185.0,140.5,132.45000000000002
200,0.07,4,1,0.9699579259006358,0.3300000000000002,107,393,3.6728971962616823,500,660.5,183.0,17.5,181.0,132.75
500,0.03,6,3,0.9703515572525081,0.2500000000000001,78,456,5.846153846153846,534,651.0,139.0,146.5,123.0,136.45
500,0.03,4,3,0.9701359087008048,0.28000000000000014,78,451,5.782051282051282,529,646.0,173.0,127.0,100.5,137.45000000000002
400,0.03,5,5,0.9700794909012961,0.30000000000000016,96,419,4.364583333333333,515,659.0,175.0,59.5,173.0,139.75
500,0.03,5,1,0.9705212956177919,0.2500000000000001,73,471,6.4520547945205475,544,653.5,111.0,176.5,142.5,140.1
400,0.1,5,3,0.9704391745801118,0.24000000000000007,73,469,6.424657534246576,542,651.5,124.5,172.5,129.5,140.4
500,0.1,5,3,0.9704391745801118,0.24000000000000007,73,469,6.424657534246576,542,651.5,124.5,172.5,129.5,140.4
200,0.1,5,3,0.9704391745801118,0.24000000000000007,73,469,6.424657534246576,542,651.5,124.5,172.5,129.5,140.4
300,0.1,5,3,0.9704391745801118,0.24000000000000007,73,469,6.424657534246576,542,651.5,124.5,172.5,129.5,140.4
300,0.1,6,1,0.9702291839739179,0.2600000000000001,83,444,5.349397590361446,527,651.5,165.5,118.0,129.5,140.45
200,0.1,6,1,0.9702291839739179,0.2600000000000001,83,444,5.349397590361446,527,651.5,165.5,118.0,129.5,140.45
500,0.1,6,1,0.9702291839739179,0.2600000000000001,83,444,5.349397590361446,527,651.5,165.5,118.0,129.5,140.45
400,0.1,6,1,0.9702291839739179,0.2600000000000001,83,444,5.349397590361446,527,651.5,165.5,118.0,129.5,140.45
500,0.03,3,3,0.9691743812753688,0.3200000000000002,89,429,4.820224719101123,518,651.5,205.0,70.0,129.5,141.85
500,0.03,4,7,0.9701886084218359,0.28000000000000014,76,457,6.0131578947368425,533,647.0,171.0,143.0,105.0,142.8
200,0.07,5,3,0.9704047419402971,0.2500000000000001,66,483,7.318181818181818,549,648.0,133.0,187.0,112.0,142.9
300,0.05,5,7,0.9703614182432532,0.27000000000000013,83,448,5.397590361445783,531,655.5,136.0,138.5,157.5,143.2
200,0.07,4,7,0.9698547896367776,0.3200000000000002,101,409,4.0495049504950495,510,661.5,189.0,41.5,185.0,143.55
300,0.05,4,5,0.9705355213093585,0.2500000000000001,65,492,7.569230769230769,557,654.5,103.0,200.5,145.5,145.0
300,0.05,5,3,0.9704344865681183,0.24000000000000007,66,486,7.363636363636363,552,651.0,128.0,192.0,123.0,145.7
400,0.1,6,3,0.9703440402677599,0.2600000000000001,85,445,5.235294117647059,530,657.5,141.5,133.5,167.0,146.75
200,0.1,6,3,0.9703440402677599,0.2600000000000001,85,445,5.235294117647059,530,657.5,141.5,133.5,167.0,146.75
300,0.1,6,3,0.9703440402677599,0.2600000000000001,85,445,5.235294117647059,530,657.5,141.5,133.5,167.0,146.75
500,0.1,6,3,0.9703440402677599,0.2600000000000001,85,445,5.235294117647059,530,657.5,141.5,133.5,167.0,146.75
500,0.05,6,5,0.9704139563086982,0.23000000000000007,71,475,6.690140845070423,546,652.5,131.5,180.5,137.0,147.85
400,0.05,6,5,0.9704139563086982,0.23000000000000007,71,475,6.690140845070423,546,652.5,131.5,180.5,137.0,147.85
300,0.07,6,1,0.9705264685965433,0.2500000000000001,84,452,5.380952380952381,536,662.0,109.0,159.0,189.0,148.0
400,0.07,6,1,0.9705264685965433,0.2500000000000001,84,452,5.380952380952381,536,662.0,109.0,159.0,189.0,148.0
500,0.07,6,1,0.9705264685965433,0.2500000000000001,84,452,5.380952380952381,536,662.0,109.0,159.0,189.0,148.0
500,0.03,3,7,0.9690025413874674,0.3300000000000002,96,417,4.34375,513,657.0,214.0,53.5,162.0,150.25
200,0.07,6,3,0.9704330316678444,0.2600000000000001,80,458,5.725,538,658.0,129.0,163.5,170.0,151.65
200,0.07,5,5,0.9704642311959393,0.24000000000000007,66,490,7.424242424242424,556,655.0,118.0,198.5,151.5,152.2
300,0.05,3,1,0.9690693051444789,0.3200000000000002,88,434,4.931818181818182,522,654.0,208.0,90.0,144.0,153.4
300,0.07,5,7,0.9706950753727251,0.20000000000000004,54,525,9.722222222222221,579,660.0,82.0,238.5,177.5,157.6
400,0.07,5,7,0.9706950753727251,0.20000000000000004,54,525,9.722222222222221,579,660.0,82.0,238.5,177.5,157.6
500,0.07,5,7,0.9706950753727251,0.20000000000000004,54,525,9.722222222222221,579,660.0,82.0,238.5,177.5,157.6
500,0.03,3,5,0.9690248498583331,0.3200000000000002,90,432,4.8,522,657.0,212.0,90.0,162.0,160.4
400,0.03,6,7,0.9701978227902368,0.29000000000000015,98,425,4.336734693877551,523,670.0,169.0,96.5,213.0,160.45000000000002
300,0.05,6,3,0.9703988415114085,0.23000000000000007,70,484,6.914285714285715,554,659.0,134.0,195.0,173.0,164.0
200,0.1,3,3,0.9701338071781869,0.29000000000000015,84,449,5.345238095238095,533,659.0,174.0,143.0,173.0,164.4
200,0.07,5,1,0.9704456408035511,0.24000000000000007,64,500,7.8125,564,660.0,122.0,208.5,177.5,164.6
200,0.1,6,7,0.9698596393043571,0.24000000000000007,80,455,5.6875,535,655.0,186.5,152.5,151.5,165.8
500,0.1,6,7,0.9698596393043571,0.24000000000000007,80,455,5.6875,535,655.0,186.5,152.5,151.5,165.8
400,0.1,6,7,0.9698596393043571,0.24000000000000007,80,455,5.6875,535,655.0,186.5,152.5,151.5,165.8
300,0.1,6,7,0.9698596393043571,0.24000000000000007,80,455,5.6875,535,655.0,186.5,152.5,151.5,165.8
400,0.03,4,1,0.9695882195754891,0.31000000000000016,91,434,4.769230769230769,525,661.5,195.0,108.0,185.0,165.9
400,0.03,5,3,0.9699795877491577,0.28000000000000014,87,443,5.091954022988506,530,660.5,181.0,133.5,181.0,166.75
200,0.05,6,1,0.9698950418776879,0.27000000000000013,80,456,5.7,536,656.0,184.0,159.0,159.0,169.0
300,0.05,4,3,0.9702015408687146,0.2600000000000001,70,480,6.857142857142857,550,655.0,168.0,188.5,151.5,169.2
500,0.03,3,1,0.9689579244457355,0.3200000000000002,92,431,4.684782608695652,523,661.0,216.0,96.5,183.0,170.25
400,0.03,6,5,0.970259171085118,0.2600000000000001,81,460,5.679012345679013,541,662.5,160.0,169.0,192.0,172.29999999999998
400,0.03,5,7,0.9699685143415178,0.28000000000000014,86,448,5.209302325581396,534,663.0,182.0,146.5,193.5,174.8
400,0.03,5,1,0.9700466748173413,0.24000000000000007,61,501,8.21311475409836,562,653.5,177.0,204.5,142.5,174.89999999999998
400,0.03,4,7,0.9694820926832903,0.29000000000000015,76,465,6.118421052631579,541,655.0,197.0,169.0,151.5,174.95
200,0.07,3,5,0.9687144711332428,0.3200000000000002,91,434,4.769230769230769,525,661.5,219.0,108.0,185.0,175.5
300,0.05,3,5,0.9690820759357717,0.31000000000000016,83,450,5.421686746987952,533,657.5,207.0,143.0,167.0,175.8
200,0.07,6,7,0.9703607716209093,0.23000000000000007,70,492,7.0285714285714285,562,667.0,137.0,204.5,204.0,177.35
400,0.03,6,1,0.9700179001230359,0.22000000000000006,59,507,8.59322033898305,566,654.5,178.0,214.0,145.5,179.05
300,0.03,4,7,0.9680844993146611,0.3500000000000002,107,411,3.8411214953271027,518,678.5,227.0,70.0,226.0,179.60000000000002
200,0.07,6,1,0.9703814635359153,0.22000000000000006,67,500,7.462686567164179,567,667.5,135.0,216.0,205.5,180.45
200,0.07,3,3,0.9687105105713862,0.3300000000000002,97,427,4.402061855670103,524,669.5,221.0,101.5,210.0,181.85000000000002
200,0.1,3,1,0.9698306221266729,0.2600000000000001,67,488,7.2835820895522385,555,655.5,190.0,196.5,157.5,182.2
200,0.07,5,7,0.9702393682758348,0.24000000000000007,68,492,7.235294117647059,560,662.0,163.0,202.0,189.0,182.5
200,0.07,4,3,0.9700085240990489,0.28000000000000014,80,464,5.8,544,664.0,180.0,176.5,195.0,183.45
300,0.05,3,3,0.9690196768795815,0.31000000000000016,83,452,5.445783132530121,535,659.5,213.0,152.5,175.0,183.45
400,0.03,6,3,0.9700471597840992,0.23000000000000007,63,501,7.9523809523809526,564,658.5,176.0,208.5,171.0,184.25
300,0.05,3,7,0.9690636471989695,0.31000000000000016,83,453,5.457831325301205,536,660.5,209.0,159.0,181.0,185.60000000000002
400,0.03,4,5,0.9694415979590012,0.30000000000000016,84,453,5.392857142857143,537,663.0,201.0,162.0,193.5,187.05
300,0.05,6,5,0.970260545157599,0.21000000000000005,60,512,8.533333333333333,572,662.0,159.0,224.0,189.0,187.5
300,0.07,6,7,0.97028867322956,0.21000000000000005,62,511,8.241935483870968,573,666.0,154.0,228.0,201.0,190.3
400,0.07,6,7,0.97028867322956,0.21000000000000005,62,511,8.241935483870968,573,666.0,154.0,228.0,201.0,190.3
500,0.07,6,7,0.97028867322956,0.21000000000000005,62,511,8.241935483870968,573,666.0,154.0,228.0,201.0,190.3
300,0.03,6,1,0.9694495190827145,0.27000000000000013,78,470,6.0256410256410255,548,665.0,200.0,185.0,198.0,194.9
200,0.05,6,7,0.970008928238014,0.24000000000000007,65,502,7.723076923076923,567,664.5,179.0,216.0,196.5,195.35
200,0.05,5,7,0.9693669130782763,0.28000000000000014,77,473,6.142857142857143,550,665.5,203.0,188.5,199.0,197.45
200,0.07,3,1,0.968693779218237,0.3300000000000002,100,431,4.31,531,681.0,222.0,138.5,228.0,198.75
300,0.03,6,3,0.9694737674206122,0.2600000000000001,75,482,6.426666666666667,557,669.5,199.0,200.5,210.0,202.75
300,0.03,5,1,0.9691223281766818,0.27000000000000013,71,490,6.901408450704225,561,667.5,206.0,203.0,205.5,204.95000000000002
400,0.03,4,3,0.9692699197266856,0.2600000000000001,63,507,8.047619047619047,570,664.5,204.0,221.0,196.5,206.85
200,0.05,4,1,0.968838622623279,0.30000000000000016,78,474,6.076923076923077,552,669.0,218.0,192.0,207.5,207.05
200,0.07,3,7,0.9685073903275967,0.30000000000000016,77,474,6.1558441558441555,551,666.5,224.0,190.0,203.0,207.50000000000003
200,0.05,5,3,0.9693861500930085,0.2600000000000001,70,495,7.071428571428571,565,670.0,202.0,212.0,213.0,208.3
200,0.05,6,3,0.9697980485260971,0.23000000000000007,62,515,8.306451612903226,577,670.0,191.0,235.5,213.0,210.95000000000002
300,0.03,6,7,0.9695534636245026,0.24000000000000007,63,512,8.126984126984127,575,669.5,196.0,232.5,210.0,211.15
200,0.05,5,5,0.9696050317564315,0.2500000000000001,63,513,8.142857142857142,576,670.5,194.0,234.0,215.0,212.3
200,0.05,4,7,0.9687143094776569,0.30000000000000016,78,477,6.115384615384615,555,672.0,220.0,196.5,218.0,212.34999999999997
200,0.05,5,1,0.969652396843125,0.23000000000000007,54,534,9.88888888888889,588,669.0,192.0,244.5,207.5,212.4
200,0.05,6,5,0.9696423741967939,0.23000000000000007,64,513,8.015625,577,673.0,193.0,235.5,219.0,213.55
300,0.03,6,5,0.9694813652331535,0.24000000000000007,64,511,7.984375,575,671.0,198.0,232.5,216.5,213.89999999999998
300,0.03,4,1,0.968222876496264,0.31000000000000016,84,468,5.571428571428571,552,678.0,225.0,192.0,225.0,215.1
200,0.03,6,3,0.9676299238068727,0.3200000000000002,99,444,4.484848484848484,543,691.5,233.0,175.0,236.5,216.64999999999998
300,0.03,5,3,0.9689981766866456,0.2600000000000001,66,506,7.666666666666667,572,671.0,215.0,224.0,216.5,218.14999999999998
200,0.03,6,1,0.9675912881218224,0.31000000000000016,95,453,4.768421052631579,548,690.5,234.0,185.0,235.0,219.60000000000002
300,0.03,4,5,0.9681418870476857,0.30000000000000016,77,487,6.324675324675325,564,679.5,226.0,208.5,227.0,221.04999999999998
300,0.03,5,7,0.9689377174974875,0.2600000000000001,67,506,7.552238805970149,573,673.5,217.0,228.0,220.5,221.34999999999997
200,0.05,4,5,0.9690568576643579,0.27000000000000013,64,517,8.078125,581,677.0,210.0,241.0,223.5,223.35000000000002
300,0.03,5,5,0.9690325284986674,0.24000000000000007,54,539,9.981481481481481,593,674.0,211.0,247.0,222.0,225.1
300,0.03,4,3,0.9680537039255313,0.29000000000000015,70,502,7.171428571428572,572,677.0,228.0,224.0,223.5,225.45
400,0.03,3,7,0.9678062092233888,0.31000000000000016,81,484,5.9753086419753085,565,686.5,231.0,212.0,232.0,225.6
400,0.03,3,3,0.9679676223259943,0.30000000000000016,75,494,6.586666666666667,569,681.5,229.0,219.0,229.0,226.0
200,0.05,3,5,0.9667567411591773,0.3300000000000002,89,467,5.247191011235955,556,689.5,242.0,198.5,234.0,226.55
200,0.05,4,3,0.9685642930938633,0.27000000000000013,63,516,8.19047619047619,579,673.5,223.0,238.5,220.5,226.89999999999998
400,0.03,3,5,0.9679221971063328,0.30000000000000016,77,493,6.402597402597403,570,685.5,230.0,221.0,231.0,227.60000000000002
400,0.03,3,1,0.9677881037977584,0.30000000000000016,76,494,6.5,570,684.0,232.0,221.0,230.0,228.10000000000002
200,0.05,3,7,0.9667210152746748,0.3400000000000002,97,456,4.701030927835052,553,698.5,243.0,194.0,243.0,228.3
200,0.03,5,1,0.9668088750856573,0.3200000000000002,88,475,5.3977272727272725,563,695.0,239.0,206.0,241.0,229.7
200,0.03,5,5,0.9668302136230071,0.31000000000000016,81,486,6.0,567,688.5,238.0,216.0,233.0,229.89999999999998
200,0.05,3,3,0.9667961851221575,0.3200000000000002,86,478,5.558139534883721,564,693.0,240.0,208.5,239.5,230.4
200,0.05,3,1,0.9668386197134784,0.3200000000000002,87,478,5.494252873563219,565,695.5,237.0,212.0,242.0,231.0
200,0.03,5,3,0.9665898317666483,0.31000000000000016,83,485,5.843373493975903,568,692.5,244.0,218.0,238.0,234.39999999999998
200,0.03,6,5,0.9675450546242307,0.29000000000000015,80,493,6.1625,573,693.0,236.0,228.0,239.5,234.65
200,0.03,6,7,0.9675853068651411,0.27000000000000013,69,519,7.521739130434782,588,691.5,235.0,244.5,236.5,238.3
300,0.03,3,7,0.9658808103665202,0.3300000000000002,90,484,5.377777777777778,574,709.0,247.0,231.0,245.0,241.60000000000002
200,0.03,5,7,0.9667713709897088,0.30000000000000016,78,504,6.461538461538462,582,699.0,241.0,242.0,244.0,242.2
300,0.03,3,1,0.9658112984645466,0.3200000000000002,87,500,5.747126436781609,587,717.5,248.0,243.0,251.5,247.55
300,0.03,3,3,0.9659130606559241,0.28000000000000014,57,571,10.017543859649123,628,713.5,245.0,252.0,248.0,248.0
200,0.03,4,1,0.9652174566694326,0.31000000000000016,77,520,6.753246753246753,597,712.5,249.0,248.0,247.0,248.1
200,0.03,4,7,0.965182700718446,0.30000000000000016,67,544,8.119402985074627,611,711.5,250.0,249.0,246.0,248.5
200,0.03,4,3,0.9650009998397993,0.3200000000000002,84,506,6.023809523809524,590,716.0,252.0,246.0,250.0,249.60000000000002
200,0.03,4,5,0.9650924969014666,0.30000000000000016,68,544,8.0,612,714.0,251.0,250.0,249.0,250.10000000000002
300,0.03,3,5,0.9658850942395487,0.27000000000000013,49,595,12.142857142857142,644,717.5,246.0,256.0,251.5,250.64999999999998
200,0.03,3,5,0.9614671279023845,0.3400000000000002,93,528,5.67741935483871,621,760.5,253.0,251.0,254.5,252.85
200,0.03,3,7,0.961390099015663,0.3300000000000002,84,548,6.523809523809524,632,758.0,255.0,253.0,253.0,253.79999999999995
200,0.03,3,3,0.9614203286102422,0.3300000000000002,85,549,6.458823529411765,634,761.5,254.0,255.0,256.0,254.90000000000003
200,0.03,3,1,0.961389533221112,0.3300000000000002,85,548,6.447058823529412,633,760.5,256.0,254.0,254.5,254.95000000000002
